tabla,orden,atributo,tipo_dato,longitud,permite_null,valor_por_defecto
actividades_adulto,1,cod_act_adul,integer,,NO,nextval('actividades_adulto_cod_act_adul_seq'::regclass)
actividades_adulto,2,fecha,date,,NO,
actividades_adulto,3,hora,time without time zone,,YES,
actividades_adulto,4,obs,text,,YES,
actividades_adulto,5,estado,character varying,100,NO,
actividades_adulto,6,cod_tipo_act,integer,,NO,
actividades_adulto,7,cod_am,character varying,10,NO,
actividades_adulto,8,hora_fin,time without time zone,,YES,
actividades_adulto,9,responsable_tipo,character varying,255,YES,
actividades_adulto,10,responsable_id,integer,,YES,
actividades_adulto,11,created_at,timestamp without time zone,,YES,
actividades_adulto,12,updated_at,timestamp without time zone,,YES,
activity_log,1,id,bigint,,NO,nextval('activity_log_id_seq'::regclass)
activity_log,2,log_name,character varying,255,YES,
activity_log,3,description,text,,NO,
activity_log,4,subject_type,character varying,255,YES,
activity_log,5,subject_id,character varying,36,YES,
activity_log,6,causer_type,character varying,255,YES,
activity_log,7,causer_id,character varying,36,YES,
activity_log,8,properties,json,,YES,
activity_log,9,created_at,timestamp without time zone,,YES,
activity_log,10,updated_at,timestamp without time zone,,YES,
activity_log,11,event,character varying,255,YES,
activity_log,12,batch_uuid,uuid,,YES,
adulto_mayor,1,cod_am,character varying,10,NO,
adulto_mayor,2,nombres,character varying,100,NO,
adulto_mayor,3,ap_paterno,character varying,80,NO,
adulto_mayor,4,ap_materno,character varying,80,YES,
adulto_mayor,5,ci,character varying,20,YES,
adulto_mayor,6,fecha_nac,date,,NO,
adulto_mayor,7,genero,character varying,100,NO,
adulto_mayor,8,estado_civil,character varying,100,YES,
adulto_mayor,9,telefono,character varying,20,YES,
adulto_mayor,10,zona,character varying,100,YES,
adulto_mayor,11,calle,character varying,150,YES,
adulto_mayor,12,fecha_ing,date,,NO,
adulto_mayor,13,tipo_ing,character varying,100,NO,
adulto_mayor,14,permanencia,character varying,50,YES,
adulto_mayor,15,nivel_educat,character varying,100,YES,
adulto_mayor,16,observaciones,text,,YES,
adulto_mayor,17,cod_est_adul,integer,,NO,
adulto_mayor,18,created_at,timestamp without time zone,,YES,
adulto_mayor,19,updated_at,timestamp without time zone,,YES,
adulto_mayor,20,foto,character varying,2048,YES,
adulto_mayor,21,archivado_en,timestamp without time zone,,YES,
adulto_mayor,22,motivo_archivado,text,,YES,
adulto_mayor,23,hora_ing,time without time zone,,YES,
adulto_mayor,24,complemento_ci,character varying,2,YES,
adulto_mayor,25,expedicion_ci,character varying,2,YES,
adulto_mayor,26,celular,character varying,8,YES,
adulto_mayor,27,telefono_fijo,character varying,10,YES,
adulto_mayor,28,departamento_residencia,character varying,50,YES,
adulto_mayor,29,ciudad_municipio,character varying,100,YES,
adulto_mayor,30,grupo_sanguineo,character varying,3,YES,
adulto_mayor,31,factor_rh,character varying,1,YES,
adulto_mayor,32,alergias,text,,YES,
adulto_mayor,33,seguro_salud,character varying,80,YES,
adulto_mayor,34,contacto_emergencia_nombre,character varying,150,YES,
adulto_mayor,35,contacto_emergencia_parentesco,character varying,80,YES,
adulto_mayor,36,contacto_emergencia_celular,character varying,8,YES,
adulto_mayor,37,contacto_emergencia_direccion,character varying,200,YES,
adulto_mayor,38,responsable_principal,boolean,,NO,false
adulto_mayor,39,autorizado_informacion_medica,boolean,,NO,false
adulto_mayor,40,consentimiento_datos,boolean,,NO,false
asignacion_voluntarios,1,cod_asig_vol,integer,,NO,nextval('asignacion_voluntarios_cod_asig_vol_seq'::regclass)
asignacion_voluntarios,2,fecha_asig,date,,NO,
asignacion_voluntarios,3,fecha_fin,date,,YES,
asignacion_voluntarios,4,estado,character varying,100,NO,
asignacion_voluntarios,5,obser,text,,YES,
asignacion_voluntarios,6,cod_am,character varying,10,NO,
asignacion_voluntarios,7,cod_vol,integer,,NO,
asistencia_voluntarios,1,cod_asis_vol,integer,,NO,nextval('asistencia_voluntarios_cod_asis_vol_seq'::regclass)
asistencia_voluntarios,2,fecha,date,,NO,
asistencia_voluntarios,3,hora_entrada,time without time zone,,YES,
asistencia_voluntarios,4,hora_salida,time without time zone,,YES,
asistencia_voluntarios,5,estado,character varying,100,NO,
asistencia_voluntarios,6,actividad_realizada,text,,YES,
asistencia_voluntarios,7,observaciones,text,,YES,
asistencia_voluntarios,8,cod_vol,integer,,NO,
atenciones_adulto,1,cod_aten_adul,integer,,NO,nextval('atenciones_adulto_cod_aten_adul_seq'::regclass)
atenciones_adulto,2,fecha,date,,NO,
atenciones_adulto,3,hora,time without time zone,,YES,
atenciones_adulto,4,obs,text,,YES,
atenciones_adulto,5,estado,character varying,100,NO,
atenciones_adulto,6,cod_tipo_aten,integer,,NO,
atenciones_adulto,7,cod_am,character varying,10,NO,
atenciones_adulto,8,responsable_tipo,character varying,255,YES,
atenciones_adulto,9,responsable_id,integer,,YES,
atenciones_adulto,10,created_at,timestamp without time zone,,YES,
atenciones_adulto,11,updated_at,timestamp without time zone,,YES,
cache,1,key,character varying,255,NO,
cache,2,value,text,,NO,
cache,3,expiration,bigint,,NO,
cache_locks,1,key,character varying,255,NO,
cache_locks,2,owner,character varying,255,NO,
cache_locks,3,expiration,bigint,,NO,
disponibilidad_voluntarios,1,cod_hor_vol,integer,,NO,nextval('disponibilidad_voluntarios_cod_hor_vol_seq'::regclass)
disponibilidad_voluntarios,2,dia_semana,character varying,100,NO,
disponibilidad_voluntarios,3,hora_inicio,time without time zone,,YES,
disponibilidad_voluntarios,4,hora_fin,time without time zone,,YES,
disponibilidad_voluntarios,5,observaciones,text,,YES,
disponibilidad_voluntarios,6,cod_vol,integer,,NO,
documentos_adulto_mayor,1,cod_doc_am,integer,,NO,nextval('documentos_adulto_mayor_cod_doc_am_seq'::regclass)
documentos_adulto_mayor,2,nom_doc,character varying,120,NO,
documentos_adulto_mayor,3,tipo_doc,character varying,100,NO,
documentos_adulto_mayor,4,ruta_archivo,character varying,255,NO,
documentos_adulto_mayor,5,extension,character varying,100,NO,
documentos_adulto_mayor,6,fecha_doc,date,,YES,
documentos_adulto_mayor,7,observaciones,text,,YES,
documentos_adulto_mayor,8,cod_am,character varying,10,NO,
documentos_adulto_mayor,9,estado,character varying,255,NO,'ACTIVO'::character varying
documentos_adulto_mayor,10,archivado_en,timestamp without time zone,,YES,
documentos_adulto_mayor,11,motivo_archivado,text,,YES,
documentos_adulto_mayor,12,created_at,timestamp without time zone,,YES,
documentos_adulto_mayor,13,updated_at,timestamp without time zone,,YES,
documentos_usuarios,1,cod_doc_usu,integer,,NO,nextval('documentos_usuarios_cod_doc_usu_seq'::regclass)
documentos_usuarios,2,nom_doc,character varying,120,NO,
documentos_usuarios,3,tipo_doc,character varying,100,NO,
documentos_usuarios,4,ruta_archivo,character varying,255,NO,
documentos_usuarios,5,extension,character varying,100,NO,
documentos_usuarios,6,fecha_doc,date,,YES,
documentos_usuarios,7,observaciones,text,,YES,
documentos_usuarios,8,cod_usu,integer,,NO,
documentos_usuarios,9,created_at,timestamp without time zone,,YES,
documentos_usuarios,10,updated_at,timestamp without time zone,,YES,
especialidades,1,cod_esp,integer,,NO,nextval('especialidades_cod_esp_seq'::regclass)
especialidades,2,nombre,character varying,50,NO,
especialidades,3,descripcion,text,,YES,
estado_adulto,1,cod_est_adul,integer,,NO,nextval('estado_adulto_cod_est_adul_seq'::regclass)
estado_adulto,2,estado,character varying,100,NO,
estado_adulto,3,fecha_in,date,,YES,
estado_adulto,4,fecha_fin,date,,YES,
estado_adulto,5,created_at,timestamp without time zone,,YES,
estado_adulto,6,updated_at,timestamp without time zone,,YES,
evaluaciones_cognitivas,1,cod_eval_cog,character varying,12,NO,
evaluaciones_cognitivas,2,cod_am,character varying,10,NO,
evaluaciones_cognitivas,3,cod_tipo_eval,bigint,,NO,
evaluaciones_cognitivas,4,cod_per_sal,integer,,NO,
evaluaciones_cognitivas,5,fecha_eval,date,,NO,
evaluaciones_cognitivas,6,hora_eval,time without time zone,,YES,
evaluaciones_cognitivas,7,puntaje_total,numeric,,YES,
evaluaciones_cognitivas,8,puntaje_maximo,numeric,,YES,
evaluaciones_cognitivas,9,resultado_interpretacion,character varying,120,YES,
evaluaciones_cognitivas,10,nivel_riesgo,character varying,30,YES,
evaluaciones_cognitivas,11,observaciones,text,,YES,
evaluaciones_cognitivas,12,estado_eval,character varying,30,NO,'BORRADOR'::character varying
evaluaciones_cognitivas,13,created_at,timestamp without time zone,,YES,
evaluaciones_cognitivas,14,updated_at,timestamp without time zone,,YES,
failed_jobs,1,id,bigint,,NO,nextval('failed_jobs_id_seq'::regclass)
failed_jobs,2,uuid,character varying,255,NO,
failed_jobs,3,connection,text,,NO,
failed_jobs,4,queue,text,,NO,
failed_jobs,5,payload,text,,NO,
failed_jobs,6,exception,text,,NO,
failed_jobs,7,failed_at,timestamp without time zone,,NO,CURRENT_TIMESTAMP
familiar_adulto,1,id,bigint,,NO,nextval('familiar_adulto_id_seq'::regclass)
familiar_adulto,2,created_at,timestamp without time zone,,YES,
familiar_adulto,3,updated_at,timestamp without time zone,,YES,
familiar_adulto,4,cod_fam,integer,,NO,
familiar_adulto,5,cod_am,character varying,10,NO,
familiar_adulto,6,parentesco_vinculo,character varying,255,YES,
familiar_adulto,7,es_responsable,boolean,,NO,false
familiar_adulto,8,estado,character varying,255,NO,'ACTIVO'::character varying
familiar_adulto,9,observaciones,text,,YES,
familiares,1,cod_fam,integer,,NO,nextval('familiares_cod_fam_seq'::regclass)
familiares,2,parentesco,character varying,100,NO,
familiares,3,direccion,character varying,150,YES,
familiares,4,ocupacion,character varying,100,YES,
familiares,5,es_responsable,character varying,255,NO,
familiares,6,observaciones,text,,YES,
familiares,7,cod_usu,integer,,NO,
familiares,8,estado,character varying,255,NO,'ACTIVO'::character varying
familiares,9,created_at,timestamp without time zone,,YES,
familiares,10,updated_at,timestamp without time zone,,YES,
horarios_personal_admin,1,cod_hor_per_admin,integer,,NO,nextval('horarios_personal_admin_cod_hor_per_admin_seq'::regclass)
horarios_personal_admin,2,dia_semana,character varying,100,NO,
horarios_personal_admin,3,hora_inicio,time without time zone,,YES,
horarios_personal_admin,4,hora_fin,time without time zone,,YES,
horarios_personal_admin,5,turno,character varying,100,NO,
horarios_personal_admin,6,estado,character varying,100,NO,
horarios_personal_admin,7,observaciones,text,,YES,
horarios_personal_admin,8,cod_per_adm,integer,,NO,
horarios_personal_salud,1,cod_hor_per_sal,integer,,NO,nextval('horarios_personal_salud_cod_hor_per_sal_seq'::regclass)
horarios_personal_salud,2,dia_semana,character varying,100,NO,
horarios_personal_salud,3,hora_inicio,time without time zone,,YES,
horarios_personal_salud,4,hora_fin,time without time zone,,YES,
horarios_personal_salud,5,turno,character varying,100,NO,
horarios_personal_salud,6,estado,character varying,100,NO,
horarios_personal_salud,7,observaciones,text,,YES,
horarios_personal_salud,8,cod_per_sal,integer,,NO,
job_batches,1,id,character varying,255,NO,
job_batches,2,name,character varying,255,NO,
job_batches,3,total_jobs,integer,,NO,
job_batches,4,pending_jobs,integer,,NO,
job_batches,5,failed_jobs,integer,,NO,
job_batches,6,failed_job_ids,text,,NO,
job_batches,7,options,text,,YES,
job_batches,8,cancelled_at,integer,,YES,
job_batches,9,created_at,integer,,NO,
job_batches,10,finished_at,integer,,YES,
jobs,1,id,bigint,,NO,nextval('jobs_id_seq'::regclass)
jobs,2,queue,character varying,255,NO,
jobs,3,payload,text,,NO,
jobs,4,attempts,smallint,,NO,
jobs,5,reserved_at,integer,,YES,
jobs,6,available_at,integer,,NO,
jobs,7,created_at,integer,,NO,
migrations,1,id,integer,,NO,nextval('migrations_id_seq'::regclass)
migrations,2,migration,character varying,255,NO,
migrations,3,batch,integer,,NO,
model_has_permissions,1,permission_id,bigint,,NO,
model_has_permissions,2,model_type,character varying,255,NO,
model_has_permissions,3,model_id,bigint,,NO,
model_has_roles,1,role_id,bigint,,NO,
model_has_roles,2,model_type,character varying,255,NO,
model_has_roles,3,model_id,bigint,,NO,
obs_adulto,1,cod_obs_adul,integer,,NO,nextval('obs_adulto_cod_obs_adul_seq'::regclass)
obs_adulto,2,fecha,date,,NO,
obs_adulto,3,tipo_obs,character varying,100,NO,
obs_adulto,4,descripcion,text,,YES,
obs_adulto,5,cod_am,character varying,10,NO,
obs_adulto,6,cod_est_adul,integer,,YES,
obs_adulto,7,nivel_importancia,character varying,255,YES,
obs_adulto,8,registrado_por,integer,,YES,
obs_adulto,9,estado_revision,character varying,255,NO,'PENDIENTE'::character varying
obs_adulto,10,created_at,timestamp without time zone,,YES,
obs_adulto,11,updated_at,timestamp without time zone,,YES,
password_reset_tokens,1,correo,character varying,120,NO,
password_reset_tokens,2,token,character varying,255,NO,
password_reset_tokens,3,created_at,timestamp without time zone,,YES,
permissions,1,id,bigint,,NO,nextval('permissions_id_seq'::regclass)
permissions,2,name,character varying,255,NO,
permissions,3,guard_name,character varying,255,NO,
permissions,4,created_at,timestamp without time zone,,YES,
permissions,5,updated_at,timestamp without time zone,,YES,
personal_access_tokens,1,id,bigint,,NO,nextval('personal_access_tokens_id_seq'::regclass)
personal_access_tokens,2,tokenable_type,character varying,255,NO,
personal_access_tokens,3,tokenable_id,bigint,,NO,
personal_access_tokens,4,name,text,,NO,
personal_access_tokens,5,token,character varying,64,NO,
personal_access_tokens,6,abilities,text,,YES,
personal_access_tokens,7,last_used_at,timestamp without time zone,,YES,
personal_access_tokens,8,expires_at,timestamp without time zone,,YES,
personal_access_tokens,9,created_at,timestamp without time zone,,YES,
personal_access_tokens,10,updated_at,timestamp without time zone,,YES,
personal_admin,1,cod_per_adm,integer,,NO,nextval('personal_admin_cod_per_adm_seq'::regclass)
personal_admin,2,cargo,character varying,100,NO,
personal_admin,3,fecha_ingreso,date,,NO,
personal_admin,4,area_admin,character varying,100,NO,
personal_admin,5,estado_laboral,character varying,100,NO,
personal_admin,6,observaciones,text,,YES,
personal_admin,7,cod_usu,integer,,NO,
personal_admin,8,archivado_en,timestamp without time zone,,YES,
personal_admin,9,motivo_archivado,text,,YES,
personal_admin,10,created_at,timestamp without time zone,,YES,
personal_admin,11,updated_at,timestamp without time zone,,YES,
personal_salud,1,cod_per_sal,integer,,NO,nextval('personal_salud_cod_per_sal_seq'::regclass)
personal_salud,2,fecha_ing,date,,NO,
personal_salud,3,anios_exp,integer,,YES,
personal_salud,4,matricula_prof,character varying,50,YES,
personal_salud,5,estado_laboral,character varying,100,NO,
personal_salud,6,observaciones,text,,YES,
personal_salud,7,cod_usu,integer,,NO,
personal_salud,8,cod_esp,integer,,YES,
personal_salud,9,archivado_en,timestamp without time zone,,YES,
personal_salud,10,motivo_archivado,text,,YES,
personal_salud,11,created_at,timestamp without time zone,,YES,
personal_salud,12,updated_at,timestamp without time zone,,YES,
role_has_permissions,1,permission_id,bigint,,NO,
role_has_permissions,2,role_id,bigint,,NO,
roles,1,id,bigint,,NO,nextval('roles_id_seq'::regclass)
roles,2,name,character varying,255,NO,
roles,3,guard_name,character varying,255,NO,
roles,4,created_at,timestamp without time zone,,YES,
roles,5,updated_at,timestamp without time zone,,YES,
sessions,1,id,character varying,255,NO,
sessions,2,user_id,integer,,YES,
sessions,3,ip_address,character varying,45,YES,
sessions,4,user_agent,text,,YES,
sessions,5,payload,text,,NO,
sessions,6,last_activity,integer,,NO,
tipo_actividades_adulto,1,cod_tipo_act,integer,,NO,nextval('tipo_actividades_adulto_cod_tipo_act_seq'::regclass)
tipo_actividades_adulto,2,tipo,character varying,50,NO,
tipo_actividades_adulto,3,descripcion,text,,YES,
tipo_atenciones_adulto,1,cod_tipo_aten,integer,,NO,nextval('tipo_atenciones_adulto_cod_tipo_aten_seq'::regclass)
tipo_atenciones_adulto,2,tipo,character varying,50,NO,
tipo_atenciones_adulto,3,descripcion,text,,YES,
tipo_evaluacion_cognitiva,1,cod_tipo_eval,bigint,,NO,nextval('tipo_evaluacion_cognitiva_cod_tipo_eval_seq'::regclass)
tipo_evaluacion_cognitiva,2,nombre,character varying,80,NO,
tipo_evaluacion_cognitiva,3,descripcion,text,,YES,
tipo_evaluacion_cognitiva,4,puntaje_maximo,numeric,,NO,'30'::numeric
tipo_evaluacion_cognitiva,5,punto_corte_normal,numeric,,YES,
tipo_evaluacion_cognitiva,6,punto_corte_riesgo,numeric,,YES,
tipo_evaluacion_cognitiva,7,estado,character varying,20,NO,'ACTIVO'::character varying
tipo_evaluacion_cognitiva,8,created_at,timestamp without time zone,,YES,
tipo_evaluacion_cognitiva,9,updated_at,timestamp without time zone,,YES,
users,1,cod_usu,integer,,NO,nextval('users_cod_usu_seq'::regclass)
users,2,nombres,character varying,100,NO,
users,3,ap_paterno,character varying,80,NO,
users,4,ap_materno,character varying,80,YES,
users,5,correo,character varying,120,NO,
users,6,email_verified_at,timestamp without time zone,,YES,
users,7,password,character varying,255,NO,
users,8,telefono,character varying,20,YES,
users,9,foto_de_perfil,character varying,255,YES,
users,10,estado,character varying,100,NO,'ACTIVO'::character varying
users,11,ultimo_acceso,timestamp without time zone,,YES,
users,12,remember_token,character varying,100,YES,
users,13,current_team_id,bigint,,YES,
users,14,created_at,timestamp without time zone,,YES,
users,15,updated_at,timestamp without time zone,,YES,
users,16,two_factor_secret,text,,YES,
users,17,two_factor_recovery_codes,text,,YES,
users,18,two_factor_confirmed_at,timestamp without time zone,,YES,
voluntarios,1,cod_vol,integer,,NO,nextval('voluntarios_cod_vol_seq'::regclass)
voluntarios,2,fecha_ing,date,,NO,
voluntarios,3,area_apoyo,character varying,100,NO,
voluntarios,4,estado,character varying,100,NO,
voluntarios,5,observaciones,text,,YES,
voluntarios,6,cod_usu,integer,,NO,
voluntarios,7,archivado_en,timestamp without time zone,,YES,
voluntarios,8,motivo_archivado,text,,YES,
voluntarios,9,created_at,timestamp without time zone,,YES,
voluntarios,10,updated_at,timestamp without time zone,,YES,
